warehouse,product,supplier,stock_level,reorder_level,last_updated,transport_cost
WH-D,Router,Supplier-Y,738.0,432,2025-12-22,2194.0
WH-B,Printer,Supplier-Z,591.0,313,2025-09-23,1813.09
WH-E,Router,Supplier-Z,602.0,146,2024-10-14,2005.75
WH-E,Laptop,Supplier-V,777.0,356,2026-01-03,2395.29
WH-D,Keyboard,Supplier-X,187.0,431,2025-10-25,3475.84
WH-C,Laptop,Supplier-V,453.0,420,2026-02-03,4665.96
WH-B,Router,Supplier-Z,400.0,384,2026-03-25,1379.28
WH-C,Tablet,Supplier-V,836.0,88,2025-01-08,3901.87
WH-A,Keyboard,Supplier-Y,902.0,106,2026-07-02,1481.79
WH-A,Keyboard,Supplier-V,469.0,204,2026-05-13,1965.27
WH-E,Router,Supplier-Y,292.0,494,2024-07-22,3453.87
WH-B,Mobile,Supplier-X,38.0,279,2025-09-30,2410.88
WH-C,Laptop,Supplier-W,961.0,413,2024-09-20,4963.51
WH-B,Monitor,Supplier-Z,11.0,168,2025-05-11,1991.96
WH-A,Mouse,Supplier-X,600.0,8,2025-06-01,1639.1
WH-C,Mobile,Supplier-Y,755.0,273,2024-12-30,3996.17
WH-B,Laptop,Supplier-W,853.0,459,2024-12-14,2044.4
WH-D,Printer,Supplier-W,733.0,53,2025-02-25,1237.19
WH-E,Tablet,Supplier-V,667.0,91,2025-08-22,3145.35
WH-C,Router,Supplier-Z,965.0,144,2025-05-09,2539.4
WH-D,Mobile,Supplier-W,707.0,303,2025-12-29,912.75
WH-D,Tablet,Supplier-X,510.0,192,2025-12-28,1360.51
WH-E,Mouse,Supplier-Y,539.0,335,2024-09-11,839.1
WH-D,Mouse,Supplier-X,701.0,493,2025-01-28,2601.53
WH-D,Mobile,Supplier-V,357.0,355,2025-10-27,3314.43
WH-B,Monitor,Supplier-Y,685.0,313,2026-05-09,2013.83
WH-A,Laptop,Supplier-V,562.0,375,2025-08-28,4476.1
WH-C,Keyboard,Supplier-X,23.0,146,2026-01-02,2159.16
WH-B,Printer,Supplier-Z,323.0,244,2026-05-01,4691.14
WH-D,Mobile,Supplier-W,962.0,286,2026-06-01,4712.41
WH-E,Mouse,Supplier-X,354.0,244,2026-01-10,5113.98
WH-B,Tablet,Supplier-W,958.0,371,2025-04-30,1014.33
WH-E,Tablet,Supplier-W,4.0,17,2025-12-15,2517.08
WH-B,Mouse,Supplier-W,661.0,293,2024-08-25,3864.03
WH-A,Tablet,Supplier-W,32.0,15,2025-05-20,3699.27
WH-D,Monitor,Supplier-W,936.0,220,2025-07-05,4463.31
WH-D,Tablet,Supplier-W,496.0,486,2026-01-11,4678.95
WH-B,Mobile,Supplier-W,628.0,329,2025-08-01,1453.29
WH-D,Printer,Supplier-Z,74.0,251,2024-11-01,952.8
WH-A,Monitor,Supplier-Z,886.0,346,2024-07-10,1048.32
WH-C,Router,Supplier-Y,721.0,54,2025-12-27,4684.28
WH-D,Tablet,Supplier-V,963.0,285,2024-09-03,3741.41
WH-A,Mobile,Supplier-V,0.0,323,2025-05-15,2559.28
WH-E,Router,Supplier-Z,58.0,258,2025-03-02,3133.79
WH-A,Laptop,Supplier-V,785.0,71,2024-08-23,4079.86
WH-A,Printer,Supplier-X,467.0,100,2026-03-24,1441.6
WH-C,Tablet,Supplier-X,598.0,159,2025-09-15,4663.43
WH-C,Mobile,Supplier-Y,644.0,9,2024-09-14,1256.78
WH-D,Router,Supplier-Y,15.0,110,2025-08-06,3297.12
WH-A,Mobile,Supplier-V,753.0,314,2026-02-21,2700.55
WH-B,Router,Supplier-Y,246.0,40,2025-11-08,4756.97
WH-B,Monitor,Supplier-W,577.0,4,2025-05-07,1542.21
WH-C,Mobile,Supplier-V,467.0,472,2025-11-11,2216.72
WH-C,Mobile,Supplier-Y,355.0,484,2025-01-31,4912.61
WH-C,Monitor,Supplier-W,325.0,313,2025-12-09,1770.35
WH-E,Tablet,Supplier-V,402.0,295,2025-09-27,2762.47
WH-B,Monitor,Supplier-X,656.0,490,2026-01-08,2295.83
WH-A,Mobile,Supplier-Y,918.0,223,2026-01-21,1508.9
WH-D,Laptop,Supplier-V,812.0,77,2025-04-17,3101.18
WH-B,Printer,Supplier-X,827.0,165,2024-08-04,4698.71
WH-E,Monitor,Supplier-Y,659.0,34,2025-06-06,4777.43
WH-C,Monitor,Supplier-X,921.0,392,2026-01-23,1710.64
WH-D,Keyboard,Supplier-Z,849.0,311,2024-09-12,2177.5
WH-E,Router,Supplier-V,829.0,442,2026-06-06,4380.3
WH-D,Keyboard,Supplier-Y,723.0,212,2025-11-09,2040.13
WH-C,Keyboard,Supplier-Z,401.0,66,2024-12-08,3190.9
WH-B,Keyboard,Supplier-W,581.0,464,2026-05-25,1496.04
WH-E,Monitor,Supplier-Z,471.0,469,2025-07-31,3155.35
WH-A,Monitor,Supplier-Z,160.0,302,2024-10-16,3613.6
WH-C,Tablet,Supplier-V,44.0,368,2026-04-06,733.1
WH-D,Laptop,Supplier-V,48.0,298,2025-04-11,4093.34
WH-D,Keyboard,Supplier-W,659.0,181,2025-03-02,2857.26
WH-D,Mobile,Supplier-Z,262.0,178,2026-05-30,2304.75
WH-A,Tablet,Supplier-W,478.0,118,2025-04-26,1436.23
WH-A,Mobile,Supplier-V,328.0,12,2025-11-23,4914.78
WH-C,Keyboard,Supplier-X,545.0,190,2026-04-01,1973.21
WH-A,Printer,,,102,2025-05-16,
WH-D,Keyboard,Supplier-Z,697.0,224,2024-10-10,2382.65
WH-B,Mobile,Supplier-W,271.0,478,2024-08-05,3030.85
WH-E,Mobile,Supplier-W,240.0,221,2025-06-11,3329.51
WH-A,Mouse,Supplier-Y,452.0,488,2025-04-30,2737.24
WH-D,Laptop,Supplier-W,776.0,432,2025-07-11,4514.38
WH-E,Printer,Supplier-Y,764.0,449,2024-07-20,2410.57
WH-A,Printer,Supplier-X,94.0,2,2024-08-05,2245.07
WH-A,Monitor,Supplier-W,42.0,475,2025-10-26,4603.45
WH-D,Router,Supplier-V,596.0,372,2025-06-23,5111.76
WH-B,Printer,Supplier-W,182.0,74,2024-08-09,4271.15
WH-A,Mobile,Supplier-Z,549.0,10,2024-08-26,3176.57
WH-A,Monitor,Supplier-Y,55.0,395,2025-09-22,1708.44
WH-C,Laptop,Supplier-V,511.0,405,2025-07-07,2254.98
WH-A,Mouse,Supplier-V,100.0,485,2025-10-04,1026.46
WH-C,Laptop,Supplier-Y,465.0,434,2024-10-14,1753.22
WH-B,Printer,Supplier-W,241.0,274,2025-11-17,1742.0
WH-E,Monitor,Supplier-W,244.0,365,2025-01-14,3494.57
WH-D,Mobile,Supplier-X,527.0,95,2024-09-02,4515.09
WH-D,Router,Supplier-Y,713.0,370,2025-04-16,3219.75
WH-C,Mouse,Supplier-V,127.0,318,2026-01-07,1358.65
WH-B,Monitor,Supplier-X,567.0,458,2026-06-26,5171.12
WH-D,Laptop,Supplier-V,78.0,251,2024-11-05,2220.78
WH-E,Laptop,Supplier-Y,569.0,229,2025-12-12,3669.67
WH-C,Mouse,Supplier-W,899.0,388,2026-01-24,2677.92
WH-A,Printer,,,388,2025-05-02,
WH-C,Monitor,Supplier-V,774.0,298,2024-09-13,5098.05
WH-A,Mouse,Supplier-Y,316.0,458,2026-06-04,3230.13
WH-B,Keyboard,Supplier-Z,750.0,337,2024-09-10,2138.23
WH-A,Router,Supplier-W,479.0,332,2025-11-03,1577.39
WH-A,Keyboard,Supplier-Y,798.0,356,2026-06-30,5299.87
WH-C,Laptop,Supplier-V,528.0,493,2024-10-24,2340.95
WH-A,Mobile,Supplier-V,639.0,450,2026-05-18,3197.0
WH-B,Keyboard,Supplier-Z,895.0,14,2026-01-04,2112.47
WH-B,Router,Supplier-W,914.0,337,2025-06-29,2614.95
WH-C,Mouse,Supplier-Y,497.0,461,2024-10-11,2421.09
WH-D,Tablet,Supplier-Z,105.0,459,2026-05-20,4284.02
WH-E,Monitor,Supplier-Z,449.0,60,2025-09-05,2243.91
WH-D,Mobile,Supplier-W,89.0,75,2024-10-21,2147.61
WH-A,Monitor,Supplier-Z,24.0,149,2025-01-23,822.89
WH-C,Monitor,Supplier-V,378.0,40,2025-11-29,1682.5
WH-C,Mouse,Supplier-V,364.0,176,2026-06-09,2123.85
WH-D,Mobile,Supplier-W,482.0,394,2026-05-03,4205.84
WH-E,Mouse,Supplier-X,473.0,370,2026-04-16,2773.45
WH-D,Keyboard,Supplier-Y,433.0,92,2024-09-28,2669.65
WH-B,Monitor,Supplier-Z,184.0,293,2025-03-18,3068.52
WH-A,Mobile,Supplier-X,183.0,266,2024-12-14,3272.93
WH-B,Laptop,Supplier-W,505.0,307,2025-06-01,4401.75
WH-E,Tablet,Supplier-Y,561.0,77,2026-05-28,1249.51
WH-E,Router,Supplier-Z,980.0,388,2024-10-18,4703.18
WH-D,Printer,Supplier-X,824.0,158,2025-09-09,3892.09
WH-A,Keyboard,Supplier-V,452.0,123,2024-07-04,3421.29
WH-D,Monitor,Supplier-Y,366.0,398,2025-03-21,2758.83
WH-C,Mouse,Supplier-Z,206.0,318,2024-08-21,4086.01
WH-B,Tablet,Supplier-W,400.0,78,2024-08-09,3338.96
WH-B,Router,Supplier-W,29.0,290,2026-02-13,3766.41
WH-B,Printer,Supplier-Y,172.0,278,2026-03-17,1672.29
WH-D,Mobile,Supplier-Z,176.0,231,2024-08-13,2632.97
WH-D,Laptop,Supplier-V,164.0,57,2025-05-27,4995.32
WH-A,Keyboard,Supplier-Z,898.0,410,2025-10-27,2990.47
WH-B,Router,,,461,2025-12-12,
WH-E,Router,Supplier-Z,708.0,163,2025-03-01,3975.33
WH-D,Mobile,Supplier-W,425.0,214,2024-12-16,1749.68
WH-C,Laptop,Supplier-V,237.0,481,2026-05-15,2699.98
WH-C,Keyboard,Supplier-Z,581.0,136,2025-11-13,4926.72
WH-C,Printer,Supplier-Y,903.0,65,2025-09-15,4196.66
WH-D,Router,Supplier-W,987.0,211,2024-07-31,4388.84
WH-E,Router,Supplier-Y,111.0,45,2024-08-12,2889.88
WH-B,Monitor,Supplier-Y,269.0,155,2025-07-17,3297.13
WH-C,Monitor,Supplier-Z,264.0,196,2025-12-28,893.6
WH-C,Monitor,Supplier-V,49.0,446,2025-08-03,557.01
WH-A,Mouse,Supplier-V,180.0,75,2024-12-04,4326.19
WH-C,Monitor,Supplier-V,773.0,274,2025-05-06,1199.65
WH-B,Keyboard,Supplier-Y,913.0,407,2025-11-19,3986.74
WH-C,Router,Supplier-X,724.0,403,2025-12-31,2176.44
WH-A,Mouse,Supplier-Y,422.0,337,2024-10-20,1782.61
WH-B,Tablet,Supplier-Y,398.0,482,2025-04-01,4483.83
WH-C,Keyboard,Supplier-Z,847.0,287,2026-02-01,3508.86
WH-E,Mobile,Supplier-X,531.0,279,2025-04-21,2223.15
WH-B,Printer,Supplier-Y,917.0,425,2026-03-28,5046.81
WH-E,Tablet,Supplier-X,925.0,359,2025-02-18,3889.41
WH-E,Printer,Supplier-X,643.0,252,2025-04-20,4503.28
WH-B,Keyboard,Supplier-Z,571.0,141,2025-02-18,3733.45
WH-C,Printer,Supplier-W,316.0,252,2025-04-10,5000.12
WH-E,Mobile,Supplier-X,50.0,41,2025-10-24,2699.53
WH-B,Laptop,Supplier-V,604.0,131,2026-02-06,4216.3
WH-D,Router,Supplier-X,775.0,392,2025-07-16,2188.91
WH-C,Keyboard,Supplier-Z,785.0,203,2026-03-23,3729.47
WH-E,Mobile,Supplier-W,526.0,458,2026-06-30,3290.38
WH-A,Keyboard,Supplier-Z,70.0,152,2024-10-03,4194.6
WH-B,Laptop,Supplier-X,499.0,137,2024-08-02,2827.94
WH-D,Monitor,Supplier-V,706.0,355,2026-05-01,3719.31
WH-B,Tablet,Supplier-Z,108.0,339,2024-09-05,1036.49
WH-B,Mobile,Supplier-Y,179.0,107,2025-03-06,3450.37
WH-C,Mobile,Supplier-Y,790.0,382,2025-10-25,3617.3
WH-C,Keyboard,Supplier-Y,100.0,228,2025-05-17,2382.36
WH-C,Mobile,Supplier-Z,597.0,44,2025-01-08,4148.19
WH-C,Mouse,Supplier-X,894.0,5,2025-07-13,1295.01
WH-E,Printer,,,132,2025-06-27,
WH-C,Router,Supplier-Y,653.0,419,2025-10-23,4984.44
WH-B,Mobile,Supplier-X,927.0,174,2026-03-01,2341.81
WH-A,Router,Supplier-V,871.0,375,2025-11-09,1704.25
WH-A,Laptop,Supplier-Y,337.0,381,2024-11-08,4209.1
WH-C,Laptop,Supplier-Z,104.0,83,2024-12-09,2865.87
WH-D,Laptop,Supplier-X,848.0,272,2025-09-07,3967.91
WH-E,Mobile,Supplier-Y,258.0,414,2026-01-01,3692.79
WH-E,Mouse,Supplier-Z,745.0,449,2026-03-06,3599.79
WH-A,Router,Supplier-V,922.0,413,2024-12-08,4979.35
WH-E,Tablet,Supplier-V,120.0,415,2026-03-26,3137.8
WH-C,Laptop,Supplier-Z,889.0,191,2025-07-08,3918.58
WH-A,Tablet,Supplier-V,322.0,437,2024-11-10,3168.41
WH-A,Keyboard,Supplier-V,15.0,98,2024-11-29,614.35
WH-C,Monitor,Supplier-X,5.0,212,2025-11-28,1376.3
WH-B,Router,Supplier-W,375.0,153,2024-10-28,1223.99
WH-D,Printer,Supplier-V,942.0,446,2024-07-13,3300.39
WH-A,Tablet,Supplier-V,766.0,300,2024-10-09,2155.87
WH-E,Monitor,Supplier-Y,919.0,54,2026-01-31,4552.15
WH-C,Router,Supplier-Z,854.0,87,2026-06-14,2810.29
WH-E,Tablet,Supplier-Z,141.0,138,2025-05-27,5037.84
WH-E,Keyboard,Supplier-Y,215.0,393,2026-06-22,2242.0
WH-E,Laptop,Supplier-Z,821.0,81,2025-10-09,4471.11
WH-A,Tablet,Supplier-Z,169.0,28,2025-07-07,4873.36
WH-A,Mobile,Supplier-X,32.0,182,2025-06-17,2385.11
WH-E,Laptop,Supplier-Z,677.0,245,2024-08-16,1036.41
WH-E,Mouse,Supplier-Z,115.0,331,2024-09-18,1255.23
WH-D,Laptop,Supplier-X,282.0,162,2025-03-15,732.88
WH-B,Monitor,Supplier-Y,815.0,87,2026-05-28,1755.8
WH-C,Tablet,Supplier-X,41.0,489,2026-05-10,978.24
WH-D,Keyboard,Supplier-X,515.0,158,2026-05-12,2237.73
WH-E,Mouse,Supplier-V,933.0,470,2025-08-14,2480.26
WH-C,Router,Supplier-Y,792.0,343,2024-11-28,1416.37
WH-B,Laptop,Supplier-V,668.0,134,2025-06-28,3712.46
WH-A,Monitor,Supplier-Z,921.0,156,2024-08-23,3458.88
WH-B,Router,Supplier-X,635.0,436,2025-01-22,5010.0
WH-A,Mobile,,,69,2024-10-14,
WH-B,Mobile,Supplier-Z,778.0,442,2025-09-11,3445.68
WH-C,Mobile,Supplier-Z,491.0,484,2024-11-10,2346.64
WH-D,Keyboard,Supplier-V,140.0,332,2025-08-24,3323.62
WH-B,Mobile,Supplier-X,874.0,379,2025-02-09,2052.31
WH-D,Laptop,Supplier-V,134.0,171,2025-04-02,3621.95
WH-C,Router,Supplier-Y,426.0,318,2025-05-24,4319.95
WH-A,Mouse,Supplier-Z,335.0,311,2024-11-06,2133.98
WH-B,Monitor,Supplier-Z,943.0,98,2024-11-09,4132.03
WH-D,Mobile,Supplier-V,293.0,111,2026-03-27,4630.25
WH-E,Printer,Supplier-Z,696.0,124,2025-06-01,931.72
WH-A,Monitor,Supplier-W,818.0,95,2025-04-18,3283.3
WH-D,Router,Supplier-Z,505.0,176,2024-08-30,1868.24
WH-E,Keyboard,Supplier-V,686.0,132,2025-07-21,1719.46
WH-C,Keyboard,Supplier-Y,927.0,183,2024-09-03,2631.75
WH-E,Monitor,Supplier-Z,358.0,0,2025-12-27,5084.83
WH-A,Laptop,Supplier-W,576.0,386,2025-12-22,2990.54
WH-C,Printer,Supplier-Y,185.0,304,2024-07-11,4796.24
WH-B,Tablet,Supplier-X,372.0,448,2024-10-22,5118.27
WH-A,Tablet,Supplier-Y,575.0,81,2026-07-02,4326.68
WH-E,Tablet,Supplier-Z,552.0,201,2025-12-20,843.6
WH-C,Keyboard,Supplier-W,305.0,87,2025-09-23,3811.74
WH-E,Tablet,Supplier-X,395.0,184,2025-10-27,739.41
WH-A,Printer,Supplier-V,9.0,212,2025-08-21,3954.85
WH-A,Mouse,Supplier-W,929.0,54,2024-09-16,2554.55
WH-E,Monitor,,,379,2025-11-30,
WH-D,Mouse,Supplier-Z,225.0,279,2025-11-04,3571.19
WH-D,Router,Supplier-Z,869.0,331,2025-11-02,2512.19
WH-D,Laptop,Supplier-W,62.0,393,2025-05-28,4144.51
WH-B,Keyboard,Supplier-Z,219.0,15,2024-08-02,4533.5
WH-B,Tablet,Supplier-W,368.0,333,2026-03-14,784.87
WH-A,Monitor,Supplier-Y,852.0,272,2025-02-24,5124.73
WH-C,Mouse,Supplier-V,886.0,193,2026-04-06,4617.43
WH-C,Router,Supplier-V,890.0,250,2026-02-06,3395.32
WH-E,Keyboard,Supplier-Y,598.0,175,2025-04-28,1796.05
WH-D,Keyboard,Supplier-W,488.0,244,2026-05-29,4684.31
WH-D,Tablet,Supplier-Z,241.0,62,2026-03-21,727.93
WH-A,Printer,Supplier-V,606.0,459,2026-06-03,4904.23
WH-D,Mobile,Supplier-W,6.0,104,2025-09-29,3289.5
WH-B,Printer,Supplier-Z,664.0,498,2024-10-29,1957.58
WH-C,Printer,Supplier-X,103.0,83,2025-04-27,984.59
WH-D,Printer,Supplier-V,950.0,315,2024-08-27,4395.91
WH-E,Mobile,Supplier-W,976.0,30,2024-12-27,4297.84
WH-A,Monitor,Supplier-W,345.0,239,2025-04-30,4672.39
WH-D,Mobile,Supplier-V,7.0,492,2025-04-21,761.21
WH-E,Tablet,Supplier-X,396.0,220,2025-05-09,4930.15
WH-B,Tablet,Supplier-Y,694.0,68,2025-04-11,1050.46
WH-E,Router,Supplier-Y,272.0,433,2025-09-02,1353.54
WH-E,Monitor,Supplier-Y,613.0,454,2025-08-10,4412.26
WH-E,Tablet,Supplier-Y,378.0,26,2025-10-04,2303.69
WH-E,Keyboard,Supplier-V,547.0,12,2025-07-30,4701.91
WH-D,Mouse,Supplier-X,744.0,66,2026-04-29,2025.99
WH-D,Printer,Supplier-X,472.0,209,2025-12-03,5035.45
WH-D,Printer,Supplier-Y,511.0,210,2026-01-01,3179.18
WH-C,Monitor,Supplier-Y,871.0,36,2026-04-19,2363.12
WH-B,Router,Supplier-Y,253.0,257,2024-10-23,991.81
WH-B,Keyboard,Supplier-Y,341.0,1,2025-06-25,4113.39
WH-E,Router,Supplier-W,566.0,337,2026-04-10,3522.89
WH-A,Monitor,Supplier-V,824.0,390,2025-06-24,1937.62
WH-D,Laptop,Supplier-X,166.0,185,2025-07-24,2343.82
WH-B,Monitor,Supplier-W,965.0,248,2025-02-20,1252.13
WH-E,Mouse,Supplier-W,615.0,355,2025-06-02,1037.14
WH-E,Printer,Supplier-Z,919.0,385,2024-08-04,2081.59
WH-D,Keyboard,Supplier-W,924.0,498,2026-05-08,5057.09
WH-A,Router,Supplier-V,605.0,430,2026-03-30,1662.13
WH-C,Printer,Supplier-W,291.0,36,2024-09-25,3891.73
WH-B,Monitor,Supplier-X,582.0,67,2025-09-15,1293.17
WH-D,Printer,Supplier-Y,114.0,476,2025-01-27,1269.95
WH-E,Keyboard,Supplier-Y,980.0,486,2025-01-09,5067.55
WH-D,Mobile,Supplier-W,252.0,262,2025-09-05,3438.54
WH-A,Laptop,,,389,2025-04-08,
WH-D,Monitor,Supplier-Y,537.0,391,2025-04-03,4098.87
WH-B,Tablet,Supplier-Y,331.0,359,2025-07-28,4352.34
WH-E,Tablet,Supplier-V,315.0,99,2025-01-13,774.96
WH-E,Router,Supplier-Z,533.0,320,2025-09-19,4476.48
WH-E,Laptop,Supplier-Y,76.0,60,2025-10-23,1199.38
WH-A,Laptop,Supplier-Z,147.0,144,2025-08-28,3044.07
WH-C,Mouse,Supplier-V,204.0,73,2024-08-30,2409.3
WH-D,Tablet,Supplier-Y,163.0,33,2024-10-28,3357.56
WH-C,Router,Supplier-Y,187.0,360,2025-06-27,4089.26
WH-E,Mouse,Supplier-X,56.0,311,2025-01-29,4367.39
WH-D,Mobile,Supplier-W,925.0,145,2026-01-06,1115.67
WH-C,Keyboard,Supplier-Z,694.0,187,2026-03-15,991.16
WH-E,Mobile,Supplier-Y,3.0,358,2025-09-28,1450.54
WH-C,Laptop,Supplier-V,906.0,349,2024-08-12,2172.1
WH-A,Router,Supplier-W,967.0,61,2024-11-25,4800.7
WH-D,Mobile,Supplier-V,488.0,207,2026-06-03,3123.43
WH-D,Mouse,Supplier-X,500.0,476,2025-11-26,3552.67
WH-E,Mobile,Supplier-V,836.0,104,2025-10-05,4988.41
WH-A,Printer,Supplier-X,473.0,85,2025-11-04,4447.3
WH-E,Monitor,Supplier-Y,274.0,23,2025-10-09,3564.74
WH-A,Printer,Supplier-X,254.0,287,2026-04-04,4597.29
WH-B,Keyboard,Supplier-W,419.0,78,2026-03-02,4623.05
WH-E,Laptop,Supplier-X,850.0,306,2025-03-09,2410.78
WH-A,Mobile,Supplier-Y,373.0,98,2025-06-15,1649.27
WH-A,Mobile,Supplier-W,249.0,165,2026-03-28,2595.31
WH-E,Mouse,Supplier-Z,446.0,167,2026-01-26,4907.75
WH-A,Router,Supplier-V,711.0,206,2025-08-17,5098.75
WH-A,Monitor,Supplier-V,267.0,47,2026-03-15,4437.19
WH-A,Mobile,Supplier-W,611.0,395,2026-01-02,4687.68
WH-B,Mouse,Supplier-Z,993.0,203,2025-08-22,4797.83
WH-D,Tablet,Supplier-X,781.0,262,2025-10-01,1537.62
WH-B,Mouse,Supplier-W,667.0,480,2025-03-31,4426.52
WH-A,Keyboard,Supplier-X,308.0,355,2025-07-08,3946.15
WH-A,Laptop,Supplier-W,329.0,176,2025-02-22,1968.67
WH-E,Mouse,Supplier-Y,107.0,231,2025-07-03,3337.73
WH-B,Printer,Supplier-V,265.0,13,2026-04-06,4280.79
WH-C,Keyboard,Supplier-Z,811.0,333,2025-11-13,4769.85
WH-B,Mobile,Supplier-V,456.0,266,2024-11-11,1904.96
WH-E,Printer,,,65,2025-12-09,
WH-E,Keyboard,Supplier-Z,781.0,4,2024-09-06,1604.57
WH-C,Laptop,Supplier-V,926.0,348,2026-01-26,2570.15
WH-E,Router,Supplier-Y,502.0,336,2025-04-18,4283.8
WH-A,Mouse,Supplier-Z,826.0,224,2026-01-10,3775.2
WH-D,Mobile,Supplier-X,786.0,353,2025-02-07,4039.81
WH-A,Laptop,Supplier-X,298.0,125,2026-02-01,4957.56
WH-D,Router,Supplier-V,677.0,252,2025-12-28,3120.4
WH-A,Keyboard,Supplier-Y,10.0,343,2025-12-19,569.01
WH-C,Router,Supplier-V,21.0,263,2025-11-14,4410.45
WH-A,Laptop,Supplier-Z,522.0,403,2025-07-11,3021.04
WH-C,Laptop,Supplier-X,436.0,305,2025-11-13,1476.55
WH-B,Printer,Supplier-Z,699.0,429,2025-12-20,2859.06
WH-A,Monitor,Supplier-V,295.0,271,2025-12-13,1473.42
WH-C,Keyboard,Supplier-Z,403.0,379,2025-05-21,2336.7
WH-A,Mobile,Supplier-V,324.0,7,2024-07-15,4232.82
WH-D,Mobile,Supplier-Y,755.0,437,2025-12-23,2614.28
WH-A,Laptop,Supplier-Y,326.0,500,2024-08-21,1924.49
WH-B,Mobile,Supplier-V,339.0,174,2024-09-06,3377.04
WH-C,Tablet,Supplier-X,59.0,35,2026-02-08,2716.28
WH-C,Router,Supplier-X,677.0,469,2026-05-24,2881.93
WH-C,Mouse,Supplier-Y,683.0,88,2026-04-20,4822.71
WH-E,Printer,Supplier-X,826.0,308,2026-01-08,1865.14
WH-D,Printer,Supplier-Z,750.0,416,2026-01-04,1176.39
WH-D,Tablet,Supplier-Y,248.0,214,2025-11-20,3907.91
WH-B,Mobile,Supplier-Y,288.0,316,2025-02-21,3912.78
WH-E,Tablet,Supplier-X,653.0,147,2026-04-26,3441.56
WH-B,Tablet,Supplier-X,590.0,110,2025-07-14,4992.22
WH-A,Mouse,Supplier-V,609.0,379,2025-06-20,1214.4
WH-A,Keyboard,Supplier-Y,975.0,410,2025-09-21,1576.99
WH-E,Mouse,Supplier-V,946.0,396,2025-03-18,2394.75
WH-E,Router,Supplier-Z,197.0,281,2026-06-17,4024.57
WH-E,Router,Supplier-Y,11.0,353,2025-06-03,3331.78
WH-E,Laptop,Supplier-Y,616.0,54,2025-10-14,1765.47
WH-C,Tablet,Supplier-V,0.0,427,2024-08-11,568.23
WH-B,Monitor,Supplier-Z,115.0,391,2024-10-30,2017.76
WH-C,Router,Supplier-Y,249.0,343,2025-09-11,5053.63
WH-B,Laptop,Supplier-Y,796.0,413,2026-05-08,2014.33
WH-A,Mobile,Supplier-W,212.0,305,2025-09-07,817.66
WH-E,Tablet,Supplier-Z,280.0,309,2025-08-24,4749.24
WH-D,Tablet,Supplier-W,10.0,382,2025-07-31,4180.73
WH-E,Mobile,Supplier-Z,372.0,21,2025-04-04,749.81
WH-C,Laptop,Supplier-V,454.0,406,2024-08-30,936.52
WH-A,Printer,Supplier-Y,918.0,168,2024-08-09,5223.89
WH-B,Router,Supplier-Y,615.0,460,2025-04-19,4624.49
WH-A,Keyboard,Supplier-W,987.0,95,2026-02-25,1228.95
WH-C,Router,Supplier-Y,772.0,205,2024-08-14,3676.2
WH-A,Keyboard,Supplier-X,553.0,97,2025-06-10,2582.41
WH-A,Printer,Supplier-W,34.0,472,2024-10-13,539.25
WH-A,Laptop,Supplier-W,734.0,467,2025-02-16,4309.24
WH-C,Mobile,Supplier-Y,308.0,321,2025-02-06,5015.01
WH-D,Monitor,Supplier-V,625.0,32,2024-12-12,3264.51
WH-D,Router,,,407,2024-09-27,
WH-C,Laptop,Supplier-V,539.0,410,2026-06-03,4102.79
WH-C,Laptop,Supplier-W,491.0,320,2026-05-27,5088.66
WH-D,Router,Supplier-Z,371.0,47,2026-02-19,5127.13
WH-B,Laptop,Supplier-Y,662.0,340,2024-09-15,1511.78
WH-A,Keyboard,Supplier-W,189.0,188,2025-09-11,2027.19
WH-C,Mouse,Supplier-Z,974.0,422,2024-11-07,1222.25
WH-B,Laptop,Supplier-V,225.0,335,2025-07-27,795.72
WH-B,Monitor,Supplier-X,346.0,12,2025-07-28,2292.25
WH-B,Keyboard,Supplier-W,557.0,127,2026-05-22,3382.48
WH-D,Printer,Supplier-W,856.0,77,2024-08-01,4238.87
WH-C,Keyboard,Supplier-W,278.0,382,2025-10-14,3267.69
WH-A,Mobile,Supplier-V,705.0,21,2025-10-15,3457.89
WH-D,Keyboard,Supplier-X,242.0,270,2025-10-25,4774.03
WH-E,Router,Supplier-W,782.0,283,2024-10-25,1929.52
WH-B,Mobile,Supplier-X,668.0,177,2025-04-20,930.45
WH-C,Monitor,Supplier-X,128.0,288,2024-12-25,2722.12
WH-C,Laptop,Supplier-V,299.0,66,2024-12-16,743.16
WH-B,Mouse,Supplier-W,619.0,34,2025-11-30,3874.68
WH-E,Mouse,Supplier-Z,992.0,253,2025-07-13,2432.08
WH-D,Keyboard,Supplier-V,204.0,78,2025-12-11,4961.46
WH-E,Mouse,Supplier-Y,173.0,381,2025-06-13,4258.48
WH-B,Keyboard,Supplier-Z,358.0,485,2024-07-11,4634.64
WH-D,Mobile,Supplier-X,454.0,288,2025-04-14,2150.05
WH-E,Printer,Supplier-X,786.0,126,2026-04-10,933.81
WH-B,Keyboard,Supplier-Z,286.0,483,2025-12-07,3231.83
WH-B,Tablet,Supplier-W,747.0,107,2025-10-11,2006.7
WH-C,Router,Supplier-W,899.0,371,2025-07-26,1395.84
WH-E,Mobile,Supplier-X,516.0,262,2025-10-31,2476.08
WH-B,Mobile,Supplier-W,856.0,454,2025-11-14,4553.81
WH-E,Laptop,Supplier-Z,656.0,496,2024-07-29,5172.36
WH-B,Mouse,Supplier-Z,169.0,95,2024-09-20,3246.23
WH-D,Mobile,Supplier-Y,447.0,473,2024-11-02,4305.78
WH-C,Monitor,Supplier-X,314.0,470,2025-12-26,2729.02
WH-C,Router,Supplier-Y,821.0,72,2024-08-29,1186.8
WH-E,Keyboard,Supplier-W,220.0,173,2024-08-19,2200.32
WH-B,Monitor,Supplier-X,203.0,256,2024-12-16,3818.01
WH-C,Tablet,Supplier-Z,684.0,193,2025-10-16,2155.26
WH-E,Router,Supplier-X,71.0,244,2024-07-12,4731.54
WH-D,Keyboard,Supplier-Y,237.0,296,2024-11-11,4463.5
WH-D,Laptop,,,258,2026-04-06,
WH-B,Router,Supplier-Z,984.0,179,2024-08-12,4865.39
WH-C,Laptop,Supplier-Z,23.0,368,2026-06-03,3201.26
WH-C,Mouse,Supplier-Z,969.0,33,2025-07-27,3884.15
WH-B,Mouse,Supplier-Y,743.0,31,2025-08-24,4646.51
WH-C,Mobile,Supplier-Y,498.0,231,2024-09-29,3879.16
WH-E,Router,Supplier-W,864.0,250,2025-09-05,5195.28
WH-E,Mouse,Supplier-Y,208.0,191,2026-04-26,1546.15
WH-E,Monitor,Supplier-Y,588.0,40,2025-02-09,3253.49
WH-D,Mobile,Supplier-V,309.0,180,2024-12-08,2497.2
WH-D,Mobile,Supplier-X,571.0,300,2025-08-25,1179.72
WH-B,Router,Supplier-Z,670.0,124,2026-05-25,2452.01
WH-A,Tablet,Supplier-W,636.0,218,2026-05-10,3459.96
WH-D,Monitor,Supplier-Z,81.0,122,2024-11-02,584.45
WH-D,Mouse,Supplier-Y,120.0,452,2026-01-23,2293.51
WH-C,Mouse,Supplier-X,703.0,233,2025-02-26,2680.83
WH-D,Mouse,Supplier-X,260.0,321,2024-11-20,4095.6
WH-D,Laptop,Supplier-X,918.0,181,2026-01-01,1124.32
WH-D,Router,Supplier-V,775.0,38,2026-02-26,2149.01
WH-C,Router,Supplier-Y,562.0,32,2025-06-29,2235.32
WH-E,Mouse,Supplier-W,254.0,432,2024-09-01,749.17
WH-E,Router,Supplier-Y,188.0,430,2026-05-12,3984.94
WH-B,Mouse,Supplier-W,400.0,418,2026-03-28,2841.79
WH-C,Mobile,Supplier-Z,291.0,479,2026-03-30,2304.92
WH-D,Printer,Supplier-V,220.0,441,2025-01-21,4233.36
WH-D,Mobile,Supplier-Y,576.0,124,2024-11-07,3888.88
WH-B,Tablet,Supplier-X,880.0,407,2026-06-13,3819.82
WH-D,Printer,Supplier-W,61.0,181,2025-09-25,4689.04
WH-E,Printer,Supplier-X,72.0,296,2026-05-03,4972.95
WH-E,Tablet,Supplier-X,295.0,356,2024-12-31,4520.58
WH-D,Tablet,Supplier-W,361.0,402,2025-01-25,2511.96
WH-D,Monitor,Supplier-Z,857.0,249,2024-11-09,1575.94
WH-A,Tablet,Supplier-X,541.0,494,2025-12-23,5036.27
WH-B,Monitor,Supplier-Z,498.0,111,2024-10-25,3935.82
WH-A,Keyboard,Supplier-Y,171.0,69,2025-02-26,4194.86
WH-A,Monitor,Supplier-Y,563.0,300,2024-12-21,4556.73
WH-A,Router,Supplier-Z,267.0,238,2025-02-03,4291.19
WH-A,Laptop,Supplier-X,279.0,309,2026-07-02,3466.29
WH-E,Printer,Supplier-Z,538.0,21,2025-09-29,3082.8
WH-C,Router,Supplier-X,111.0,478,2025-07-16,3857.16
WH-A,Laptop,Supplier-Z,550.0,125,2025-12-27,1417.16
WH-B,Mobile,Supplier-X,643.0,90,2026-06-08,4977.82
WH-B,Monitor,Supplier-X,925.0,248,2025-08-09,4622.12
WH-E,Mobile,Supplier-W,243.0,92,2026-04-27,2061.11
WH-A,Mobile,Supplier-Z,674.0,431,2026-06-25,2530.71
WH-D,Mobile,Supplier-W,956.0,83,2025-02-21,4179.43
WH-D,Printer,Supplier-Z,218.0,369,2024-12-29,1295.36
WH-C,Printer,Supplier-V,151.0,490,2024-12-23,1817.16
WH-C,Router,Supplier-Y,966.0,393,2024-10-27,5189.1
WH-D,Laptop,Supplier-Y,158.0,236,2024-09-07,1651.92
WH-B,Tablet,Supplier-Z,290.0,103,2025-09-13,3100.98
WH-D,Printer,Supplier-Y,267.0,177,2025-12-09,3403.27
WH-B,Keyboard,Supplier-Y,102.0,57,2024-10-27,4652.57
WH-D,Laptop,Supplier-W,837.0,154,2025-06-24,2465.57
WH-C,Keyboard,Supplier-X,467.0,464,2025-05-22,3560.98
WH-E,Router,Supplier-Y,38.0,22,2026-01-04,2033.34
WH-B,Mouse,Supplier-V,774.0,186,2026-04-21,4321.41
WH-E,Tablet,Supplier-V,42.0,373,2025-10-28,2473.67
WH-A,Mobile,Supplier-W,186.0,285,2026-04-08,4314.65
WH-B,Tablet,Supplier-W,753.0,448,2024-12-16,1586.42
WH-A,Monitor,Supplier-W,251.0,303,2024-09-21,4154.45
WH-E,Keyboard,Supplier-Y,776.0,356,2026-04-05,3683.82
WH-D,Printer,Supplier-X,145.0,399,2025-03-18,1931.87
WH-A,Keyboard,Supplier-X,10.0,471,2026-06-02,3498.33
WH-A,Printer,Supplier-V,773.0,348,2025-11-12,1473.92
WH-D,Mobile,Supplier-W,822.0,419,2025-09-28,4965.19
WH-D,Mouse,Supplier-Y,207.0,421,2025-09-30,3832.23
WH-A,Tablet,Supplier-W,39.0,85,2025-02-03,1410.01
WH-E,Router,Supplier-Z,450.0,98,2025-06-28,4234.09
WH-B,Mouse,Supplier-W,278.0,312,2026-01-15,3706.78
WH-B,Laptop,Supplier-Y,266.0,225,2025-01-14,1282.24
WH-B,Mobile,Supplier-V,346.0,65,2025-04-11,1186.69
WH-C,Keyboard,Supplier-W,791.0,94,2025-10-22,3125.44
WH-B,Mouse,Supplier-Z,416.0,441,2025-09-05,3639.5
WH-B,Monitor,Supplier-Z,808.0,424,2025-01-23,1051.04
WH-C,Laptop,Supplier-X,980.0,166,2025-03-09,4300.52
WH-A,Mouse,Supplier-Z,887.0,306,2024-11-20,4053.21
WH-A,Laptop,Supplier-Z,638.0,329,2025-11-10,4035.4
WH-A,Keyboard,Supplier-Y,524.0,282,2025-10-22,1465.74
WH-B,Monitor,Supplier-Z,611.0,407,2026-01-30,2910.79
WH-A,Laptop,Supplier-Y,224.0,165,2025-11-11,4977.47
WH-B,Mobile,Supplier-Y,164.0,75,2025-09-02,4628.58
WH-A,Monitor,Supplier-W,22.0,276,2026-04-24,2435.14
WH-B,Monitor,Supplier-Y,431.0,133,2024-10-08,2867.7
WH-A,Mobile,Supplier-Y,40.0,13,2025-03-21,1873.98
WH-E,Tablet,Supplier-W,516.0,51,2025-08-01,2288.41
WH-E,Tablet,Supplier-V,380.0,154,2026-03-29,913.11
WH-A,Monitor,Supplier-Z,410.0,299,2024-09-03,4328.83
WH-D,Keyboard,Supplier-W,785.0,410,2025-08-01,2770.62
WH-C,Keyboard,Supplier-W,717.0,39,2024-09-29,1586.47
WH-B,Laptop,Supplier-Y,249.0,263,2026-03-13,2982.61
WH-B,Printer,Supplier-W,773.0,3,2025-04-29,5074.15
WH-A,Mobile,Supplier-X,601.0,325,2025-05-05,5049.87
WH-C,Mouse,Supplier-W,591.0,203,2025-05-04,2616.11
WH-B,Router,Supplier-W,142.0,90,2024-07-22,1821.55
WH-A,Mouse,Supplier-Y,671.0,419,2024-11-20,1459.79
WH-B,Router,Supplier-Z,892.0,421,2025-06-09,2231.87
WH-C,Keyboard,Supplier-X,281.0,1,2024-08-25,1852.02
WH-A,Printer,Supplier-X,15.0,467,2025-10-12,3617.54
WH-E,Monitor,Supplier-X,615.0,122,2024-09-25,3360.28
WH-D,Laptop,Supplier-X,307.0,485,2024-08-02,2066.64
WH-B,Tablet,Supplier-V,336.0,479,2026-06-10,3515.06
WH-C,Tablet,,,359,2024-07-06,
WH-A,Mouse,Supplier-Z,130.0,205,2026-06-04,4736.94
WH-A,Keyboard,Supplier-Y,41.0,473,2026-03-22,4619.16
WH-D,Monitor,Supplier-Y,732.0,270,2024-12-08,2804.3
WH-E,Keyboard,Supplier-Y,853.0,342,2024-09-29,3589.93
WH-A,Router,Supplier-Z,110.0,84,2026-01-06,4275.37
WH-B,Mobile,Supplier-W,380.0,304,2025-04-17,4507.43
WH-C,Keyboard,Supplier-Z,976.0,467,2025-01-16,1331.18
WH-A,Laptop,,,107,2026-05-23,
WH-E,Monitor,Supplier-W,229.0,99,2025-03-29,4431.1
WH-C,Laptop,Supplier-Z,753.0,492,2024-12-18,4446.84
WH-E,Router,Supplier-Z,710.0,344,2025-11-21,1845.69
WH-D,Tablet,Supplier-Z,190.0,202,2026-06-28,4726.32
WH-B,Monitor,Supplier-X,2.0,395,2025-04-04,1937.53
WH-D,Printer,,,11,2025-06-30,
WH-C,Keyboard,Supplier-W,686.0,60,2026-01-01,2160.4
WH-D,Router,Supplier-V,135.0,376,2024-09-27,1585.2
WH-E,Mobile,Supplier-V,38.0,327,2024-09-20,2360.56
WH-B,Keyboard,Supplier-W,464.0,366,2026-04-07,1842.97
WH-B,Laptop,Supplier-Y,226.0,0,2025-08-21,2702.94
WH-E,Mouse,Supplier-V,109.0,256,2025-01-04,3293.28
WH-D,Keyboard,Supplier-V,132.0,499,2024-12-11,3817.9
WH-C,Mouse,Supplier-Z,751.0,440,2026-02-05,3506.15
WH-C,Tablet,Supplier-Z,778.0,151,2025-10-21,4476.31
WH-E,Laptop,Supplier-Z,30.0,167,2025-06-19,3203.32
WH-C,Router,Supplier-V,359.0,465,2026-04-17,2045.07
WH-A,Tablet,Supplier-Z,787.0,123,2025-06-14,900.11
WH-D,Router,Supplier-X,809.0,429,2026-06-02,3316.36
WH-C,Router,Supplier-X,143.0,397,2025-06-03,1651.12
WH-B,Keyboard,Supplier-W,467.0,437,2025-08-27,2303.35
WH-E,Laptop,Supplier-Y,624.0,480,2024-12-22,5194.96
WH-B,Laptop,Supplier-X,84.0,225,2025-06-28,4825.47
WH-E,Keyboard,Supplier-V,339.0,162,2025-12-22,4979.79
WH-A,Router,Supplier-Y,549.0,81,2024-10-20,2289.67
WH-A,Mouse,Supplier-Y,203.0,95,2024-09-19,1971.17
WH-A,Router,Supplier-W,929.0,442,2025-11-20,4357.26
WH-C,Laptop,,,107,2025-11-17,
WH-B,Tablet,Supplier-Z,361.0,365,2026-03-26,2243.1
WH-C,Printer,Supplier-V,755.0,361,2025-11-22,4620.55
WH-C,Router,Supplier-V,735.0,291,2026-01-26,3489.47
WH-D,Monitor,Supplier-X,75.0,499,2026-05-17,1280.63
WH-E,Laptop,Supplier-X,951.0,9,2025-10-18,4393.91
WH-E,Mouse,Supplier-V,178.0,93,2026-04-06,5008.06
WH-B,Router,Supplier-Y,82.0,239,2025-05-21,3303.99
WH-D,Tablet,Supplier-X,785.0,477,2025-09-16,2966.26
WH-D,Router,Supplier-Z,143.0,6,2024-10-05,4338.33
WH-E,Mouse,Supplier-V,780.0,347,2026-03-21,2023.8
WH-A,Tablet,Supplier-W,820.0,389,2025-06-18,1246.87
WH-D,Laptop,Supplier-W,733.0,404,2026-02-11,2929.68
WH-B,Printer,Supplier-X,390.0,354,2025-10-07,1023.89
WH-D,Tablet,Supplier-X,127.0,109,2024-09-16,1443.34
WH-D,Keyboard,Supplier-W,14.0,210,2025-05-09,1472.81
WH-A,Printer,Supplier-Z,749.0,117,2025-03-25,2161.95
WH-C,Router,Supplier-Z,453.0,358,2026-01-03,1951.3
WH-E,Monitor,Supplier-Y,802.0,13,2024-09-07,2912.27
WH-C,Keyboard,Supplier-V,192.0,300,2026-02-12,1116.12
WH-D,Router,Supplier-Z,67.0,357,2024-08-08,2174.88
WH-E,Tablet,Supplier-V,120.0,267,2026-05-05,2053.17
WH-B,Keyboard,Supplier-V,519.0,356,2026-01-16,3211.07
WH-B,Printer,Supplier-W,611.0,163,2025-11-29,1191.18
WH-E,Monitor,Supplier-V,265.0,363,2024-08-22,3980.34
WH-D,Mobile,Supplier-W,986.0,315,2025-02-13,4038.33
WH-B,Tablet,Supplier-Y,201.0,293,2026-01-19,2825.12
WH-B,Keyboard,Supplier-V,847.0,46,2024-10-11,4486.78
WH-E,Monitor,Supplier-V,225.0,93,2025-10-13,4351.5
WH-E,Router,Supplier-V,47.0,189,2024-11-27,4517.3
WH-A,Mouse,Supplier-Z,159.0,307,2025-02-15,1344.86
WH-B,Monitor,Supplier-V,51.0,238,2026-02-27,2653.92
WH-C,Mouse,Supplier-X,32.0,395,2024-09-27,2300.74
WH-C,Printer,Supplier-Z,193.0,300,2025-04-07,2029.59
WH-A,Laptop,Supplier-Y,559.0,34,2026-03-16,4822.02
WH-A,Router,Supplier-W,98.0,388,2025-09-20,4568.92
WH-C,Monitor,Supplier-W,162.0,61,2024-08-16,3982.26
WH-E,Keyboard,Supplier-X,101.0,153,2025-07-15,1829.28
WH-C,Mouse,Supplier-W,403.0,49,2025-02-13,1157.16
WH-C,Keyboard,Supplier-Y,189.0,236,2024-12-18,4896.61
WH-D,Mouse,Supplier-W,729.0,1,2025-05-27,880.0
WH-C,Laptop,Supplier-W,884.0,467,2025-02-21,4801.2
WH-D,Printer,Supplier-V,501.0,326,2025-09-22,2432.89
WH-C,Mouse,Supplier-W,648.0,340,2026-05-22,4447.28
WH-E,Monitor,Supplier-W,723.0,387,2024-12-14,1307.27
WH-E,Router,Supplier-W,805.0,214,2024-08-31,3788.42
WH-E,Mouse,Supplier-V,146.0,327,2026-06-02,2415.2
WH-E,Router,Supplier-W,239.0,270,2025-04-15,5065.17
WH-B,Mouse,Supplier-Y,37.0,246,2024-12-31,2901.47
WH-B,Printer,Supplier-W,602.0,309,2025-11-23,2432.86
WH-A,Monitor,Supplier-W,392.0,271,2025-09-11,4077.75
WH-C,Tablet,Supplier-X,86.0,453,2026-02-10,4834.0
WH-C,Monitor,Supplier-Z,523.0,22,2025-11-02,2962.69
WH-D,Keyboard,Supplier-X,279.0,133,2026-01-27,3823.43
WH-E,Monitor,Supplier-X,539.0,493,2024-11-03,3358.29
WH-A,Laptop,Supplier-Z,297.0,121,2025-12-17,2558.6
WH-A,Keyboard,Supplier-Z,343.0,454,2025-07-05,4050.35
WH-A,Laptop,Supplier-Y,133.0,301,2026-05-25,3347.39
WH-B,Keyboard,Supplier-Y,850.0,192,2026-06-07,2656.11
WH-D,Mobile,Supplier-Y,182.0,145,2024-12-17,3003.13
WH-E,Mobile,Supplier-X,761.0,459,2025-05-17,4026.67
WH-E,Mouse,Supplier-W,659.0,191,2025-04-21,3661.07
WH-C,Mouse,Supplier-W,151.0,239,2025-12-03,1637.61
WH-E,Keyboard,Supplier-W,795.0,250,2025-04-24,3163.74
WH-B,Tablet,Supplier-Y,119.0,91,2026-02-24,1457.48
WH-E,Printer,Supplier-V,360.0,368,2025-12-13,4312.28
WH-D,Laptop,Supplier-W,840.0,119,2024-12-06,1936.77
WH-D,Mouse,Supplier-Y,741.0,139,2026-06-08,3219.68
WH-E,Monitor,Supplier-V,728.0,432,2025-09-10,2507.07
WH-A,Monitor,Supplier-V,680.0,75,2025-06-19,4943.21
WH-E,Mobile,Supplier-W,441.0,344,2026-06-26,2108.66
WH-B,Printer,Supplier-V,664.0,149,2024-10-30,4140.33
WH-D,Tablet,Supplier-W,618.0,467,2026-05-24,3585.47
WH-A,Tablet,Supplier-W,196.0,192,2026-03-23,4384.82
WH-C,Printer,Supplier-V,470.0,37,2025-07-22,1138.48
WH-E,Mouse,Supplier-V,26.0,59,2025-12-03,3233.79
WH-C,Mouse,Supplier-X,921.0,76,2026-07-02,3674.65
WH-A,Router,,,55,2024-09-13,
WH-E,Router,Supplier-W,788.0,351,2024-09-23,4190.84
WH-A,Monitor,Supplier-Y,118.0,21,2026-06-27,1004.41
WH-D,Printer,Supplier-Y,930.0,222,2025-01-30,1190.23
WH-A,Mobile,Supplier-W,24.0,10,2025-07-17,3053.78
WH-D,Monitor,Supplier-V,657.0,369,2025-05-15,2144.99
WH-C,Mouse,Supplier-V,434.0,329,2024-08-28,3617.0
WH-D,Laptop,Supplier-Y,811.0,490,2026-01-10,4085.59
WH-B,Mobile,Supplier-Z,452.0,97,2026-02-15,3202.86
WH-B,Printer,Supplier-Y,543.0,353,2025-05-02,1142.98
WH-B,Router,,,494,2025-05-28,
WH-C,Keyboard,Supplier-W,274.0,1,2026-02-25,1507.63
WH-D,Mobile,Supplier-Y,443.0,206,2025-10-21,788.35
WH-A,Monitor,Supplier-Z,228.0,140,2025-06-15,1540.39
WH-D,Mobile,Supplier-X,639.0,158,2024-10-09,4812.69
WH-C,Laptop,Supplier-Z,807.0,439,2025-06-08,4023.29
WH-E,Monitor,Supplier-X,32.0,76,2025-09-12,3552.25
WH-D,Keyboard,Supplier-Z,393.0,198,2026-03-31,2334.77
WH-D,Mouse,Supplier-W,362.0,337,2024-12-01,4699.64
WH-D,Monitor,Supplier-Y,399.0,219,2026-03-03,3340.65
WH-C,Mobile,Supplier-X,676.0,425,2025-12-13,2618.5
WH-B,Keyboard,Supplier-W,274.0,75,2024-10-23,880.46
WH-C,Tablet,Supplier-V,302.0,133,2026-03-30,3603.7
WH-C,Printer,Supplier-X,278.0,220,2024-09-07,1346.6
WH-D,Laptop,Supplier-Z,974.0,292,2026-03-03,2250.38
WH-A,Mobile,Supplier-X,33.0,151,2024-07-24,3234.57
WH-E,Laptop,Supplier-V,69.0,388,2026-02-23,2539.1
WH-B,Monitor,Supplier-W,439.0,438,2024-07-14,2920.81
WH-A,Monitor,Supplier-Z,890.0,118,2026-04-22,1985.05
WH-D,Tablet,Supplier-Y,91.0,87,2024-11-22,3211.18
WH-E,Router,Supplier-X,815.0,467,2024-08-19,2381.66
WH-E,Tablet,Supplier-X,825.0,286,2025-06-09,1472.86
WH-E,Laptop,Supplier-Z,12.0,182,2025-04-20,3470.6
WH-E,Mobile,Supplier-Z,827.0,465,2025-11-02,3262.8
WH-E,Mobile,,,455,2025-10-22,
WH-E,Printer,Supplier-Y,82.0,114,2026-06-06,3288.97
WH-D,Tablet,Supplier-V,481.0,192,2024-10-26,4004.31
WH-A,Keyboard,Supplier-V,393.0,37,2025-05-23,1686.85
WH-D,Laptop,Supplier-Y,559.0,79,2026-03-16,3921.63
WH-B,Router,Supplier-Y,801.0,393,2025-08-07,4702.96
WH-C,Mobile,Supplier-Y,86.0,238,2025-12-03,4336.15
WH-E,Mobile,Supplier-Z,304.0,485,2025-04-03,1713.23
WH-D,Monitor,Supplier-Y,736.0,384,2024-10-15,5104.5
WH-C,Keyboard,Supplier-Y,224.0,311,2024-08-12,4505.21
WH-D,Laptop,Supplier-Z,688.0,347,2026-03-05,4292.36
WH-C,Laptop,Supplier-Y,157.0,446,2025-06-29,5064.16
WH-B,Laptop,Supplier-Y,105.0,418,2026-01-12,3020.61
WH-A,Printer,Supplier-V,40.0,182,2025-04-17,3325.07
WH-E,Mouse,Supplier-W,339.0,478,2025-08-01,2454.07
WH-D,Mouse,Supplier-Y,192.0,303,2025-03-22,2074.0
WH-A,Monitor,Supplier-X,890.0,459,2025-05-26,4730.91
WH-A,Router,Supplier-Y,117.0,120,2024-11-29,930.71
WH-B,Keyboard,,,435,2026-01-09,
WH-D,Printer,Supplier-V,369.0,472,2026-02-14,2955.47
WH-B,Mobile,Supplier-Y,172.0,152,2026-05-31,934.86
WH-C,Router,Supplier-Z,944.0,101,2024-07-22,1164.18
WH-A,Mouse,Supplier-Z,645.0,242,2026-02-04,2301.66
WH-C,Laptop,Supplier-X,349.0,333,2025-02-23,2243.97
WH-A,Monitor,Supplier-V,105.0,216,2024-12-11,3269.4
WH-E,Mobile,Supplier-Z,127.0,478,2024-08-16,3969.31
WH-E,Laptop,Supplier-X,166.0,161,2024-10-06,994.35
WH-E,Router,Supplier-W,504.0,302,2024-07-24,5076.68
WH-E,Printer,Supplier-X,954.0,120,2025-01-20,2011.99
WH-D,Printer,Supplier-V,387.0,353,2025-10-29,1564.54
WH-A,Mobile,Supplier-Z,518.0,60,2025-06-04,3886.35
WH-E,Monitor,Supplier-Y,318.0,126,2025-03-12,1591.17
WH-C,Keyboard,Supplier-V,393.0,338,2026-04-05,4577.47
WH-B,Tablet,Supplier-W,774.0,241,2024-07-18,3651.03
WH-B,Keyboard,Supplier-W,404.0,95,2026-04-01,5060.3
WH-E,Mouse,Supplier-W,458.0,301,2024-10-27,2499.17
WH-E,Mobile,Supplier-Y,899.0,62,2026-05-09,1481.88
WH-E,Router,Supplier-V,826.0,392,2024-08-27,1888.2
WH-C,Monitor,Supplier-W,463.0,474,2025-02-10,3136.1
WH-E,Laptop,Supplier-X,683.0,46,2025-09-12,1790.15
WH-C,Keyboard,Supplier-V,515.0,388,2024-10-29,2477.0
WH-D,Tablet,Supplier-Y,635.0,124,2025-08-13,2916.09
WH-B,Keyboard,Supplier-Y,576.0,200,2025-06-27,3376.25
WH-A,Router,Supplier-V,866.0,418,2025-06-26,4916.63
WH-B,Tablet,Supplier-W,664.0,345,2025-10-17,2796.53
WH-A,Monitor,Supplier-X,805.0,304,2024-08-06,5085.56
WH-C,Monitor,Supplier-V,69.0,144,2026-01-13,2009.81
WH-D,Tablet,Supplier-Z,480.0,390,2025-03-23,2001.78
WH-B,Mobile,Supplier-X,185.0,145,2026-06-02,3080.91
WH-E,Keyboard,Supplier-Z,566.0,203,2025-10-03,2470.66
WH-E,Router,Supplier-Y,926.0,231,2025-07-18,1413.66
WH-E,Router,Supplier-X,829.0,109,2025-07-17,1638.81
WH-E,Keyboard,Supplier-Y,159.0,234,2026-02-27,3694.64
WH-D,Mobile,Supplier-W,883.0,94,2025-03-19,3577.08
WH-E,Monitor,Supplier-W,510.0,357,2025-09-21,3328.22
WH-E,Mouse,Supplier-V,872.0,6,2026-03-17,3175.66
WH-E,Keyboard,Supplier-V,26.0,57,2025-02-17,1494.96
WH-B,Router,Supplier-W,123.0,440,2025-07-15,1566.45
WH-C,Monitor,Supplier-V,338.0,193,2026-03-20,3051.78
WH-E,Router,Supplier-Y,816.0,20,2026-05-24,3683.96
WH-E,Mobile,Supplier-X,608.0,42,2025-05-16,3364.32
WH-D,Tablet,Supplier-V,505.0,58,2026-03-09,3336.08
WH-E,Tablet,Supplier-Z,281.0,223,2026-06-21,2351.69
WH-D,Router,Supplier-W,851.0,33,2025-06-10,3297.65
WH-E,Keyboard,Supplier-Z,616.0,222,2025-08-17,5120.94
WH-A,Keyboard,Supplier-Y,470.0,121,2025-07-14,2925.88
WH-C,Keyboard,Supplier-W,24.0,447,2024-08-31,2075.34
WH-A,Mouse,Supplier-W,636.0,344,2024-07-24,3347.97
WH-A,Monitor,Supplier-V,711.0,107,2025-02-26,4381.71
WH-D,Monitor,Supplier-X,258.0,282,2024-08-12,3637.47
WH-A,Monitor,Supplier-Y,283.0,218,2025-07-21,840.57
WH-C,Mouse,Supplier-V,692.0,104,2025-12-24,3090.15
WH-B,Tablet,Supplier-Z,993.0,50,2025-07-18,4643.47
WH-B,Mobile,Supplier-Z,680.0,103,2024-09-23,1604.6
WH-A,Mouse,Supplier-X,750.0,471,2025-04-17,4237.18
WH-D,Printer,Supplier-W,922.0,236,2024-11-02,2569.86
WH-A,Mobile,Supplier-Z,667.0,351,2025-07-24,3087.37
WH-B,Printer,,,372,2025-07-03,
WH-C,Mouse,Supplier-Z,494.0,74,2026-05-12,1200.42
WH-E,Monitor,Supplier-X,891.0,176,2025-04-23,1244.02
WH-E,Keyboard,,,309,2024-10-26,
WH-B,Printer,Supplier-Y,812.0,111,2024-08-06,2505.78
WH-D,Mobile,Supplier-W,73.0,17,2024-10-25,4464.04
WH-A,Mobile,Supplier-X,745.0,337,2025-07-31,5238.41
WH-B,Router,Supplier-W,300.0,76,2024-07-07,3215.06
WH-C,Monitor,Supplier-V,156.0,139,2025-08-30,1644.58
WH-D,Monitor,Supplier-X,3.0,5,2024-12-14,3806.14
WH-C,Laptop,Supplier-W,69.0,339,2026-05-17,1616.34
WH-A,Mouse,Supplier-Z,447.0,5,2024-10-01,790.66
WH-C,Keyboard,Supplier-Z,221.0,386,2025-07-17,3332.18
WH-D,Mobile,Supplier-Z,54.0,60,2025-07-05,4213.21
WH-A,Mobile,Supplier-V,745.0,202,2026-04-26,957.71
WH-B,Router,Supplier-V,535.0,326,2025-04-22,1449.94
WH-D,Router,Supplier-X,360.0,478,2026-02-13,2713.38
WH-A,Mobile,Supplier-Z,178.0,358,2024-11-13,1099.29
WH-B,Mouse,Supplier-Z,764.0,244,2026-03-31,1189.65
WH-C,Printer,Supplier-X,656.0,63,2025-11-06,982.01
WH-E,Keyboard,Supplier-X,590.0,253,2025-11-17,4496.36
WH-E,Printer,Supplier-Y,341.0,318,2025-06-18,1601.26
WH-A,Mobile,Supplier-Y,452.0,103,2025-09-22,4020.63
WH-E,Keyboard,Supplier-W,259.0,133,2024-09-08,2222.08
WH-E,Printer,,,45,2025-01-02,
WH-C,Printer,Supplier-Y,331.0,291,2026-04-11,1661.77
WH-B,Router,Supplier-X,261.0,146,2024-08-14,1566.65
WH-C,Router,Supplier-V,298.0,300,2026-04-13,2537.72
WH-D,Keyboard,Supplier-W,683.0,239,2024-07-20,2076.18
WH-E,Router,Supplier-X,949.0,483,2025-12-21,3061.84
WH-E,Monitor,Supplier-Y,171.0,177,2025-08-09,1292.24
WH-B,Keyboard,Supplier-Z,706.0,124,2026-04-29,3227.62
WH-A,Mouse,Supplier-Z,463.0,352,2025-07-26,4146.25
WH-E,Laptop,Supplier-V,925.0,335,2026-06-15,5031.05
WH-B,Laptop,Supplier-Z,212.0,464,2025-10-11,2659.34
WH-B,Laptop,Supplier-V,7.0,102,2026-06-30,2773.98
WH-A,Mobile,Supplier-V,800.0,33,2025-04-23,5069.99
WH-D,Tablet,Supplier-Z,461.0,31,2026-06-29,926.84
WH-C,Keyboard,Supplier-Z,615.0,475,2026-04-19,3337.17
WH-B,Laptop,Supplier-V,341.0,308,2025-08-22,3110.37
WH-A,Monitor,Supplier-V,180.0,383,2025-02-05,747.46
WH-E,Monitor,Supplier-Y,659.0,426,2025-12-02,3750.42
WH-D,Laptop,Supplier-V,418.0,161,2024-10-20,4908.51
WH-E,Tablet,Supplier-V,620.0,54,2025-12-22,2052.8
WH-B,Mouse,Supplier-Y,988.0,457,2024-09-23,1830.36
WH-E,Laptop,Supplier-W,106.0,374,2025-12-07,4453.8
WH-E,Monitor,Supplier-X,620.0,262,2026-04-07,1177.59
WH-B,Tablet,Supplier-X,701.0,277,2026-01-08,2322.68
WH-D,Router,Supplier-W,705.0,131,2024-09-02,1778.86
WH-E,Monitor,Supplier-W,264.0,130,2025-01-29,4103.03
WH-E,Printer,Supplier-Y,550.0,351,2024-11-25,4047.22
WH-A,Mobile,Supplier-W,407.0,225,2026-03-23,4703.13
WH-B,Router,Supplier-V,670.0,265,2025-03-06,3899.56
WH-B,Laptop,Supplier-W,200.0,177,2025-08-03,767.69
WH-B,Mouse,Supplier-Y,786.0,251,2025-01-05,1040.32
WH-C,Monitor,Supplier-Y,264.0,217,2026-04-18,1784.04
WH-A,Monitor,Supplier-V,995.0,107,2026-03-22,2003.41
WH-A,Router,Supplier-V,262.0,499,2025-04-13,5058.72
WH-D,Tablet,Supplier-W,73.0,141,2024-08-01,4539.23
WH-E,Mobile,Supplier-Z,898.0,255,2025-09-10,4281.2
WH-E,Tablet,Supplier-Y,670.0,351,2025-09-13,4160.47
WH-E,Keyboard,Supplier-V,912.0,197,2025-10-04,2199.95
WH-D,Router,Supplier-W,342.0,198,2024-08-14,754.16
WH-B,Printer,Supplier-X,149.0,306,2025-07-31,3568.33
WH-A,Keyboard,Supplier-Y,89.0,223,2026-06-26,4444.64
WH-B,Laptop,Supplier-W,191.0,129,2026-04-18,1101.85
WH-D,Keyboard,Supplier-V,886.0,153,2025-08-25,2694.57
WH-D,Mouse,Supplier-W,97.0,100,2025-06-01,1360.16
WH-E,Mouse,Supplier-W,266.0,155,2025-10-25,2290.26
WH-C,Printer,Supplier-Z,689.0,150,2025-12-28,3096.93
WH-A,Router,Supplier-W,667.0,11,2025-12-18,3656.54
WH-C,Mobile,Supplier-Y,615.0,270,2026-03-30,2011.04
WH-A,Keyboard,Supplier-Z,961.0,138,2024-10-15,4179.19
WH-B,Router,Supplier-Y,766.0,375,2025-01-24,1489.11
WH-A,Tablet,,,220,2025-03-01,
WH-E,Monitor,Supplier-Z,835.0,305,2025-03-11,5208.33
WH-B,Monitor,Supplier-Y,429.0,496,2025-09-18,4745.07
WH-A,Mobile,Supplier-Z,138.0,384,2026-05-26,4525.81
WH-E,Mobile,Supplier-X,542.0,107,2026-02-01,4741.41
WH-D,Monitor,Supplier-X,123.0,432,2025-09-21,3753.79
WH-B,Tablet,Supplier-X,809.0,100,2025-01-30,5078.1
WH-A,Mouse,Supplier-W,989.0,165,2025-07-03,4275.77
WH-E,Router,Supplier-X,425.0,80,2025-05-18,714.97
WH-B,Printer,Supplier-W,451.0,147,2024-09-02,4336.98
WH-A,Monitor,Supplier-W,767.0,245,2024-10-27,2288.13
WH-E,Keyboard,Supplier-X,694.0,302,2025-04-04,1312.25
WH-C,Router,Supplier-Z,893.0,62,2025-08-19,3422.26
WH-C,Printer,Supplier-Z,687.0,27,2024-11-26,1537.58
WH-A,Keyboard,Supplier-V,873.0,443,2024-11-18,3863.95
WH-C,Printer,Supplier-W,173.0,113,2025-08-21,983.2
WH-B,Keyboard,Supplier-V,29.0,130,2025-10-17,2180.75
WH-C,Mobile,Supplier-Y,833.0,398,2026-04-23,3135.0
WH-B,Monitor,Supplier-W,480.0,473,2026-02-16,3640.81
WH-B,Router,Supplier-Y,584.0,434,2025-08-14,5016.45
WH-A,Tablet,Supplier-X,380.0,29,2025-01-15,1068.91
WH-E,Mouse,Supplier-W,854.0,41,2025-08-05,3592.3
WH-A,Router,Supplier-V,966.0,169,2026-05-06,4552.23
WH-A,Mouse,Supplier-Y,437.0,72,2026-06-07,4560.56
WH-D,Laptop,Supplier-V,413.0,314,2025-08-16,3365.96
WH-C,Tablet,Supplier-Z,799.0,210,2026-03-02,1702.9
WH-B,Laptop,Supplier-V,169.0,254,2025-07-16,710.85
WH-E,Keyboard,Supplier-Y,517.0,268,2026-05-15,3768.31
WH-A,Tablet,Supplier-Y,397.0,78,2025-02-11,2435.54
WH-D,Tablet,Supplier-Y,847.0,236,2025-12-29,3012.95
WH-E,Router,Supplier-V,138.0,119,2025-11-21,1797.15
WH-E,Mobile,Supplier-Y,743.0,174,2024-12-14,2926.94
WH-C,Mobile,Supplier-W,387.0,292,2026-03-31,2449.62
WH-E,Laptop,Supplier-W,145.0,99,2025-04-11,1122.79
WH-C,Monitor,Supplier-W,25.0,344,2024-08-20,1813.94
WH-C,Mouse,Supplier-Y,74.0,252,2026-02-24,2566.16
WH-B,Mobile,Supplier-X,810.0,220,2024-10-27,2802.11
WH-C,Keyboard,Supplier-Z,507.0,483,2025-09-02,2879.77
WH-A,Tablet,Supplier-V,571.0,461,2025-10-12,1735.27
WH-B,Mobile,Supplier-Z,176.0,155,2025-03-08,1306.69
WH-A,Printer,Supplier-X,58.0,408,2024-11-13,1993.72
WH-E,Laptop,Supplier-X,347.0,402,2025-03-09,4205.27
WH-E,Mobile,Supplier-V,801.0,119,2025-04-14,2561.22
WH-A,Mouse,Supplier-V,945.0,27,2025-05-15,4547.27
WH-A,Laptop,Supplier-Z,563.0,285,2026-03-30,1880.35
WH-A,Keyboard,Supplier-W,75.0,401,2024-12-16,2047.48
WH-C,Monitor,Supplier-Y,156.0,379,2025-01-31,1720.47
WH-C,Monitor,Supplier-Z,253.0,486,2025-07-06,2286.03
WH-C,Tablet,,,121,2024-07-06,
WH-B,Printer,Supplier-Z,749.0,3,2026-01-27,1770.25
WH-C,Keyboard,Supplier-X,341.0,444,2024-09-24,5158.73
WH-D,Keyboard,Supplier-V,152.0,375,2024-08-11,2251.5
WH-C,Monitor,Supplier-V,176.0,0,2025-03-31,3415.3
WH-A,Keyboard,Supplier-X,759.0,91,2024-09-12,1473.51
WH-D,Router,Supplier-W,343.0,114,2026-04-23,2187.53
WH-E,Keyboard,Supplier-X,297.0,493,2026-02-01,2970.83
WH-A,Mobile,Supplier-X,591.0,131,2024-10-11,978.47
WH-B,Monitor,Supplier-V,711.0,419,2024-07-15,5166.55
WH-D,Monitor,Supplier-W,840.0,491,2025-08-15,4966.83
WH-B,Printer,Supplier-V,464.0,232,2025-07-25,2666.06
WH-A,Tablet,Supplier-X,258.0,218,2025-01-26,4235.39
WH-A,Mouse,Supplier-X,537.0,221,2024-12-30,3200.09
WH-A,Printer,Supplier-Z,562.0,227,2026-03-05,2754.23
WH-B,Router,Supplier-Z,758.0,99,2026-01-23,1483.88
WH-B,Tablet,Supplier-W,470.0,277,2025-07-28,1632.37
WH-C,Laptop,Supplier-W,299.0,220,2024-10-23,2031.52
WH-E,Tablet,Supplier-Y,950.0,74,2025-11-04,4729.61
WH-C,Laptop,Supplier-Y,376.0,179,2026-02-19,4133.02
WH-A,Monitor,Supplier-W,766.0,19,2026-01-14,1497.99
WH-D,Mobile,Supplier-V,704.0,352,2024-07-29,4530.1
WH-A,Mobile,Supplier-Z,895.0,234,2025-08-15,3321.77
WH-D,Mouse,Supplier-W,180.0,433,2025-09-26,2190.12
WH-E,Printer,,,223,2026-06-17,
WH-D,Mobile,Supplier-X,121.0,206,2026-01-22,708.54
WH-E,Router,Supplier-V,388.0,494,2025-04-08,2029.51
WH-A,Keyboard,Supplier-W,527.0,106,2024-09-03,4201.6
WH-E,Mobile,Supplier-Y,249.0,390,2025-04-22,1739.32
WH-B,Mouse,Supplier-X,6.0,238,2025-12-11,2961.24
WH-E,Mobile,Supplier-Y,63.0,489,2026-05-19,4105.85
WH-B,Keyboard,Supplier-W,438.0,270,2025-11-07,2335.71
WH-E,Keyboard,Supplier-Z,252.0,290,2024-12-08,2390.23
WH-A,Mouse,Supplier-V,283.0,326,2025-04-04,694.25
WH-D,Monitor,Supplier-W,789.0,8,2025-06-13,2451.49
WH-C,Laptop,Supplier-W,698.0,141,2026-03-09,1638.59
WH-C,Mobile,Supplier-W,407.0,214,2025-11-13,4402.17
WH-E,Mouse,Supplier-Y,493.0,230,2024-10-23,1182.35
WH-B,Router,Supplier-W,830.0,168,2026-01-13,2335.95
WH-D,Mobile,Supplier-V,799.0,384,2026-05-13,2462.19
WH-D,Printer,,,260,2025-12-29,
WH-A,Tablet,Supplier-V,283.0,168,2026-05-29,4998.48
WH-B,Tablet,Supplier-Y,774.0,6,2025-10-04,5002.5
WH-E,Laptop,,,233,2024-07-23,
WH-A,Mouse,Supplier-Z,962.0,39,2024-09-09,3249.87
WH-B,Tablet,Supplier-Y,483.0,322,2026-04-02,2541.45
WH-E,Printer,Supplier-W,272.0,456,2025-12-08,3367.61
WH-A,Tablet,Supplier-V,151.0,324,2025-09-01,1542.28
WH-D,Laptop,Supplier-Z,801.0,492,2026-02-02,4291.26
WH-E,Keyboard,Supplier-V,984.0,440,2026-01-23,3824.75
WH-D,Printer,Supplier-V,468.0,265,2024-08-03,1388.84
WH-B,Monitor,Supplier-X,903.0,312,2024-12-05,3099.04
WH-C,Printer,Supplier-Y,430.0,156,2026-06-20,1911.52
WH-E,Router,Supplier-X,867.0,91,2024-07-12,1102.72
WH-B,Router,Supplier-W,410.0,447,2025-08-19,3418.32
WH-B,Keyboard,Supplier-W,778.0,345,2024-11-27,1926.11
WH-E,Mouse,Supplier-X,63.0,19,2025-04-20,1522.99
WH-E,Router,Supplier-Y,182.0,99,2025-09-24,2094.3
WH-B,Router,Supplier-W,423.0,202,2024-07-10,3577.44
WH-C,Mobile,Supplier-V,386.0,261,2025-02-01,4096.6
WH-E,Laptop,Supplier-V,237.0,89,2025-06-04,3466.69
WH-E,Keyboard,Supplier-Z,216.0,472,2025-05-06,1294.54
WH-D,Tablet,Supplier-W,583.0,410,2026-03-09,5073.81
WH-E,Printer,Supplier-Z,24.0,454,2026-03-11,4589.7
WH-E,Tablet,Supplier-Z,144.0,114,2025-01-30,968.08
WH-A,Keyboard,Supplier-Z,123.0,457,2024-11-24,2637.21
WH-D,Printer,Supplier-V,307.0,352,2025-10-11,2174.66
WH-C,Mouse,Supplier-W,254.0,164,2025-01-05,4933.54
WH-D,Keyboard,Supplier-Z,900.0,117,2024-12-11,4328.33
WH-E,Mouse,Supplier-Z,254.0,155,2026-06-16,2916.77
WH-E,Keyboard,Supplier-V,790.0,101,2024-12-04,3086.89
WH-A,Monitor,Supplier-Z,576.0,441,2024-11-01,1313.29
WH-D,Mouse,Supplier-X,926.0,405,2024-09-11,3269.39
WH-E,Printer,Supplier-Z,658.0,424,2024-11-04,1742.26
WH-E,Mobile,Supplier-X,300.0,156,2025-07-11,3261.77
WH-B,Router,Supplier-Y,724.0,292,2026-01-23,3781.38
WH-E,Mouse,Supplier-X,894.0,80,2025-04-23,4462.31
WH-E,Tablet,Supplier-V,680.0,162,2024-11-01,4767.17
WH-D,Keyboard,Supplier-Z,817.0,149,2024-08-18,1368.74
WH-B,Router,,,162,2026-04-28,
WH-E,Mouse,Supplier-Z,961.0,63,2025-10-15,1229.79
WH-C,Printer,Supplier-X,666.0,475,2025-02-12,3757.84
WH-E,Printer,Supplier-W,202.0,444,2024-10-11,3133.53
WH-E,Monitor,Supplier-Z,8.0,499,2026-02-27,1528.75
WH-C,Tablet,Supplier-W,990.0,474,2025-11-03,2644.42
WH-B,Mobile,Supplier-X,602.0,291,2024-11-10,4701.92
WH-A,Laptop,Supplier-Z,864.0,107,2024-12-20,1272.59
WH-D,Router,Supplier-X,693.0,190,2025-08-02,3806.0
WH-B,Mobile,,,131,2025-03-18,
WH-A,Router,Supplier-V,1.0,231,2026-06-14,1227.64
WH-D,Laptop,Supplier-Z,861.0,11,2026-01-31,2937.43
WH-E,Printer,Supplier-W,729.0,382,2024-07-05,1052.34
WH-E,Printer,Supplier-Z,907.0,280,2025-07-04,1981.34
WH-C,Printer,Supplier-X,622.0,434,2026-02-20,1906.58
WH-D,Mobile,Supplier-V,217.0,46,2025-03-24,4399.79
WH-C,Laptop,Supplier-Z,264.0,272,2025-04-09,3535.1
WH-D,Monitor,Supplier-X,867.0,316,2025-04-17,4351.31
WH-C,Mobile,Supplier-X,255.0,477,2026-01-08,4188.23
WH-E,Tablet,Supplier-V,986.0,392,2024-12-21,5052.64
WH-C,Tablet,Supplier-Z,585.0,388,2025-01-11,3645.88
WH-A,Router,Supplier-V,590.0,468,2025-11-08,2956.57
WH-C,Monitor,Supplier-Y,947.0,155,2026-06-17,3820.96
WH-B,Laptop,Supplier-Z,163.0,149,2024-10-12,806.39
WH-A,Mobile,Supplier-Y,863.0,395,2025-03-24,1751.6
WH-D,Laptop,Supplier-W,511.0,80,2025-04-28,3811.79
WH-C,Monitor,Supplier-V,831.0,26,2026-05-28,4857.42
WH-C,Laptop,Supplier-X,172.0,324,2026-05-26,2175.55
WH-D,Router,Supplier-X,493.0,150,2024-09-11,3612.96
WH-A,Laptop,Supplier-Z,636.0,87,2025-02-16,1429.01
WH-B,Mouse,Supplier-Y,818.0,18,2024-08-26,3705.86
WH-A,Mouse,Supplier-V,68.0,488,2024-10-12,4179.88
WH-C,Printer,Supplier-X,862.0,20,2026-03-14,2537.71
WH-B,Mouse,Supplier-X,523.0,442,2025-11-16,3697.99
WH-D,Mouse,Supplier-Y,241.0,14,2025-02-16,3483.08
WH-D,Printer,,,281,2024-12-27,
WH-D,Tablet,Supplier-Y,672.0,390,2025-08-02,3046.48
WH-C,Laptop,Supplier-X,260.0,130,2025-06-13,2456.94
WH-A,Mouse,Supplier-V,863.0,195,2026-01-31,2614.45
WH-E,Router,Supplier-X,621.0,220,2024-10-01,1940.29
WH-A,Printer,Supplier-W,241.0,87,2024-10-10,3691.49
WH-D,Tablet,Supplier-X,281.0,484,2026-05-24,4212.54
WH-E,Keyboard,Supplier-Y,626.0,196,2025-06-08,2680.49
WH-C,Mobile,Supplier-V,298.0,135,2024-12-11,4749.37
WH-C,Mobile,Supplier-Y,725.0,139,2026-01-11,3225.03
WH-D,Mobile,Supplier-Z,382.0,201,2026-02-24,3763.5
WH-B,Mobile,Supplier-W,557.0,241,2024-09-27,4313.44
WH-E,Mobile,Supplier-X,770.0,287,2025-01-26,3923.44
WH-E,Router,,,449,2025-11-13,
WH-D,Printer,Supplier-W,884.0,190,2025-05-13,4005.06
WH-B,Router,Supplier-V,367.0,101,2026-02-27,1159.3
WH-A,Printer,Supplier-V,653.0,146,2024-10-19,4868.07
WH-D,Mobile,Supplier-V,241.0,394,2024-10-07,2344.4
WH-A,Mobile,Supplier-Y,150.0,78,2025-11-10,3623.75
WH-D,Keyboard,Supplier-Z,418.0,85,2024-12-27,3273.2
WH-B,Mouse,Supplier-V,675.0,2,2025-06-14,2375.28
WH-C,Printer,Supplier-Y,909.0,481,2025-09-22,5359.82
WH-C,Printer,Supplier-Y,245.0,226,2024-07-20,731.29
WH-A,Tablet,Supplier-Z,455.0,94,2026-03-09,4617.17
WH-B,Mouse,Supplier-Y,877.0,238,2025-06-03,3310.6
WH-E,Laptop,Supplier-W,181.0,375,2024-11-25,1847.42
WH-D,Mobile,Supplier-X,967.0,349,2025-01-31,1236.81
WH-A,Laptop,,,107,2026-05-23,
WH-B,Printer,,,372,2025-07-03,
WH-E,Keyboard,,,309,2024-10-26,
WH-E,Mobile,,,455,2025-10-22,
WH-D,Laptop,,,258,2026-04-06,
WH-B,Keyboard,,,435,2026-01-09,
WH-A,Router,,,55,2024-09-13,
WH-C,Tablet,,,359,2024-07-06,
WH-C,Tablet,,,121,2024-07-06,
WH-B,Router,,,461,2025-12-12,
WH-A,Tablet,,,220,2025-03-01,
WH-A,Printer,,,102,2025-05-16,
WH-B,Router,,,494,2025-05-28,
WH-D,Printer,,,281,2024-12-27,
WH-B,Router,,,162,2026-04-28,
WH-D,Printer,,,260,2025-12-29,
WH-A,Laptop,,,389,2025-04-08,
WH-E,Printer,,,223,2026-06-17,
WH-E,Printer,,,45,2025-01-02,
WH-E,Printer,,,65,2025-12-09,
WH-C,Laptop,,,107,2025-11-17,
WH-E,Printer,,,132,2025-06-27,
WH-D,Router,,,407,2024-09-27,
WH-D,Printer,,,11,2025-06-30,
WH-A,Mobile,,,69,2024-10-14,
WH-E,Monitor,,,379,2025-11-30,
WH-A,Printer,,,388,2025-05-02,
WH-E,Router,,,449,2025-11-13,
WH-E,Laptop,,,233,2024-07-23,
WH-B,Mobile,,,131,2025-03-18,
WH-B,Tablet,Supplier-X,590.0,110,2025-07-14,4992.22
WH-C,Laptop,Supplier-V,237.0,481,2026-05-15,2699.98
WH-D,Tablet,Supplier-W,618.0,467,2026-05-24,3585.47
WH-D,Keyboard,Supplier-W,785.0,410,2025-08-01,2770.62
WH-D,Monitor,Supplier-V,625.0,32,2024-12-12,3264.51
WH-A,Mobile,Supplier-X,32.0,182,2025-06-17,2385.11
WH-E,Router,Supplier-W,504.0,302,2024-07-24,5076.68
WH-A,Router,Supplier-W,98.0,388,2025-09-20,4568.92
WH-B,Tablet,Supplier-Y,774.0,6,2025-10-04,5002.5
WH-B,Printer,Supplier-X,827.0,165,2024-08-04,4698.71
WH-C,Router,Supplier-V,21.0,263,2025-11-14,4410.45
WH-C,Mouse,Supplier-V,127.0,318,2026-01-07,1358.65
WH-B,Mouse,Supplier-W,667.0,480,2025-03-31,4426.52
WH-D,Tablet,Supplier-Y,672.0,390,2025-08-02,3046.48
WH-A,Printer,Supplier-X,473.0,85,2025-11-04,4447.3
WH-D,Printer,Supplier-Y,114.0,476,2025-01-27,1269.95
WH-A,Keyboard,Supplier-Z,123.0,457,2024-11-24,2637.21
WH-C,Monitor,Supplier-Z,523.0,22,2025-11-02,2962.69
WH-E,Printer,Supplier-X,72.0,296,2026-05-03,4972.95
WH-B,Laptop,Supplier-V,169.0,254,2025-07-16,710.85
